cluster,predicted_affinity_kcal,logP,TPSA,HBD,HBA,rot_bonds,MW
0,-7.338425212937251,1.8789133962657818,76.83392769821252,0.7191011235955056,3.0,4.52808988764045,457.4352105355915
1,-6.226465176602999,2.485503024389572,67.14281923974444,1.0227272727272727,2.409090909090909,6.863636363636363,390.98091446682224
2,-6.845865345345274,2.253246840791781,88.15572393811684,2.234042553191489,4.914893617021277,5.0212765957446805,380.6508805510117
